{
  "n_qubits": 10,
  "n_samples": 220,
  "gamma": 0.1,
  "reps": 2,
  "geometric_difference_g": 13.344186776177137,
  "class_balance": 0.5,
  "reference": "Huang et al 2021 (arXiv:2011.01938), projected quantum kernel",
  "sanity_check": {
    "projected_quantum_test_acc": 0.8787878787878788,
    "classical_rbf_test_acc": 0.5606060606060606
  }
}