{
  "n12": {
    "n_bits": 12,
    "p": 4079,
    "n_samples": 988,
    "class_balance": 0.5,
    "geometric_difference": 171.10781259586594,
    "models": {
      "Quantum: Interval-state kernel": {
        "test": {
          "mean": 0.9973063973063973,
          "std": 0.00293528548386576,
          "n": 10
        },
        "train": {
          "mean": 0.9976845151953689,
          "std": 0.0009599492880912671,
          "n": 10
        },
        "test_raw": [
          0.9966329966329966,
          1.0,
          0.9932659932659933,
          1.0,
          1.0,
          0.9966329966329966,
          1.0,
          0.9932659932659933,
          0.9932659932659933,
          1.0
        ]
      },
      "Classical: RBF-SVM (tuned)": {
        "test": {
          "mean": 0.4946127946127946,
          "std": 0.02592592592592593,
          "n": 10
        },
        "train": {
          "mean": 0.7452966714905933,
          "std": 0.2101838605141379,
          "n": 10
        },
        "test_raw": [
          0.4983164983164983,
          0.48148148148148145,
          0.5420875420875421,
          0.4983164983164983,
          0.46464646464646464,
          0.49158249158249157,
          0.4882154882154882,
          0.4478114478114478,
          0.5084175084175084,
          0.5252525252525253
        ]
      },
      "Classical: Linear-SVM": {
        "test": {
          "mean": 0.5131313131313131,
          "std": 0.016982518805277437,
          "n": 10
        },
        "train": {
          "mean": 0.5617945007235889,
          "std": 0.013510784390140446,
          "n": 10
        },
        "test_raw": [
          0.531986531986532,
          0.5050505050505051,
          0.5353535353535354,
          0.5286195286195287,
          0.5050505050505051,
          0.4983164983164983,
          0.49158249158249157,
          0.5084175084175084,
          0.49158249158249157,
          0.5353535353535354
        ]
      },
      "Classical: Random Forest": {
        "test": {
          "mean": 0.49326599326599324,
          "std": 0.02456989818068421,
          "n": 10
        },
        "train": {
          "mean": 1.0,
          "std": 0.0,
          "n": 10
        },
        "test_raw": [
          0.47474747474747475,
          0.494949494949495,
          0.5252525252525253,
          0.5016835016835017,
          0.4612794612794613,
          0.494949494949495,
          0.4882154882154882,
          0.4713804713804714,
          0.47474747474747475,
          0.5454545454545454
        ]
      },
      "Classical: Gradient Boosting": {
        "test": {
          "mean": 0.4902356902356903,
          "std": 0.019236170851293873,
          "n": 10
        },
        "train": {
          "mean": 0.6791606367583214,
          "std": 0.010946062574443244,
          "n": 10
        },
        "test_raw": [
          0.5117845117845118,
          0.49158249158249157,
          0.494949494949495,
          0.5151515151515151,
          0.5084175084175084,
          0.468013468013468,
          0.45791245791245794,
          0.4713804713804714,
          0.4781144781144781,
          0.5050505050505051
        ]
      },
      "Classical: MLP": {
        "test": {
          "mean": 0.48989898989898994,
          "std": 0.014772667318841958,
          "n": 10
        },
        "train": {
          "mean": 1.0,
          "std": 0.0,
          "n": 10
        },
        "test_raw": [
          0.4781144781144781,
          0.494949494949495,
          0.48484848484848486,
          0.4781144781144781,
          0.4983164983164983,
          0.5117845117845118,
          0.4882154882154882,
          0.4612794612794613,
          0.49158249158249157,
          0.5117845117845118
        ]
      },
      "Classical: Logistic Reg.": {
        "test": {
          "mean": 0.5164983164983165,
          "std": 0.01964437999436339,
          "n": 10
        },
        "train": {
          "mean": 0.5671490593342982,
          "std": 0.013902703975829189,
          "n": 10
        },
        "test_raw": [
          0.5185185185185185,
          0.494949494949495,
          0.5420875420875421,
          0.5353535353535354,
          0.5050505050505051,
          0.49158249158249157,
          0.49158249158249157,
          0.5286195286195287,
          0.5117845117845118,
          0.5454545454545454
        ]
      },
      "Baseline: Majority class": {
        "test": {
          "mean": 0.4983164983164984,
          "std": 5.551115123125783e-17,
          "n": 10
        },
        "train": {
          "mean": 0.5007235890014472,
          "std": 0.0,
          "n": 10
        },
        "test_raw": [
          0.4983164983164983,
          0.4983164983164983,
          0.4983164983164983,
          0.4983164983164983,
          0.4983164983164983,
          0.4983164983164983,
          0.4983164983164983,
          0.4983164983164983,
          0.4983164983164983,
          0.4983164983164983
        ]
      }
    }
  },
  "n16": {
    "n_bits": 17,
    "p": 65543,
    "n_samples": 1962,
    "class_balance": 0.5,
    "geometric_difference": 181.39907767635725,
    "models": {
      "Quantum: Interval-state kernel": {
        "test": {
          "mean": 0.999490662139219,
          "std": 0.0007780264337785879,
          "n": 10
        },
        "train": {
          "mean": 1.0,
          "std": 0.0,
          "n": 10
        },
        "test_raw": [
          1.0,
          0.99830220713073,
          1.0,
          0.99830220713073,
          0.99830220713073,
          1.0,
          1.0,
          1.0,
          1.0,
          1.0
        ]
      },
      "Classical: RBF-SVM (tuned)": {
        "test": {
          "mean": 0.4913412563667232,
          "std": 0.008289681233095888,
          "n": 10
        },
        "train": {
          "mean": 0.7675163874726876,
          "std": 0.17026367494555977,
          "n": 10
        },
        "test_raw": [
          0.4940577249575552,
          0.4855687606112054,
          0.4838709677419355,
          0.4855687606112054,
          0.48217317487266553,
          0.499151103565365,
          0.5042444821731749,
          0.49745331069609505,
          0.5008488964346349,
          0.48047538200339557
        ]
      },
      "Classical: Linear-SVM": {
        "test": {
          "mean": 0.5020373514431239,
          "std": 0.02179598422477456,
          "n": 10
        },
        "train": {
          "mean": 0.5403495994173344,
          "std": 0.01606777250704771,
          "n": 10
        },
        "test_raw": [
          0.4855687606112054,
          0.46519524617996605,
          0.5042444821731749,
          0.5144312393887945,
          0.5127334465195246,
          0.5365025466893039,
          0.47368421052631576,
          0.5093378607809848,
          0.5280135823429541,
          0.4906621392190153
        ]
      },
      "Classical: Random Forest": {
        "test": {
          "mean": 0.49524617996604425,
          "std": 0.024533547560680123,
          "n": 10
        },
        "train": {
          "mean": 1.0,
          "std": 0.0,
          "n": 10
        },
        "test_raw": [
          0.47368421052631576,
          0.4906621392190153,
          0.5008488964346349,
          0.4855687606112054,
          0.466893039049236,
          0.5093378607809848,
          0.533106960950764,
          0.5025466893039049,
          0.533106960950764,
          0.4567062818336163
        ]
      },
      "Classical: Gradient Boosting": {
        "test": {
          "mean": 0.4945670628183361,
          "std": 0.015412555812273507,
          "n": 10
        },
        "train": {
          "mean": 0.6542607428987618,
          "std": 0.008997481429129752,
          "n": 10
        },